,item_name,text,ph_tokens,wav_fn_pred,wav_fn_gt,z_vae
0,103_1241_000025_000008,and then i can imagine that im dressed gorgeously .,<BOS> AH0 N D | DH EH1 N | AY1 | K AE1 N | IH0 M AE1 JH AH0 N | DH AE1 T | IH1 M | D R EH1 S T | G AO1 R G AH0 S L IY0 <EOS>,[000000][103_1241_000025_000008][P]and_then_i_can_imagine_that_im_dressed_gorgeously_.,[000000][103_1241_000025_000008][G]and_then_i_can_imagine_that_im_dressed_gorgeously_.,"[ 0.03527287 -0.08649063  0.15240319  0.27393198 -0.2074843  -0.1173227
 -0.18820083 -0.6451037   0.67811376 -0.11249247 -0.3124652  -0.06155244
  1.0243509   0.28653774  0.5094455  -0.4743716  -0.48837855  0.04994753
 -0.27222663 -0.57753193 -0.58575916  0.72056204 -0.15020572 -0.55762804
  0.2414177   0.37521112  0.9597858  -0.41687244 -0.79032725  0.00437082
  0.26369607  0.1483859 ]"
1,103_1241_000026_000000,"well now , i dunno , said matthew .","<BOS> W EH1 L | N AW1 , AY1 | D AH0 N OW1 , S EH1 D | M AE1 TH Y UW0 <EOS>","[000001][103_1241_000026_000000][P]well_now_,_i_dunno_,_said_matthew_.","[000001][103_1241_000026_000000][G]well_now_,_i_dunno_,_said_matthew_.","[ 0.4861293  -2.077018    0.9164321  -0.5213383  -0.6531857  -0.6733055
 -0.07258654 -0.6177847   0.79673094  0.7945285  -1.1557537  -0.98801076
 -1.06378     1.476943    1.7641394   0.10534723 -1.6834083  -0.1949525
 -0.11577581 -1.0624304  -0.23973942 -0.00700316 -0.45481652  1.3094813
  1.4476402   0.9394287   1.5042055  -1.1426675  -0.4570868   0.33010978
  0.499754    0.8807423 ]"
2,103_1241_000027_000009,"i can stop when i make up my mind to it , although its difficult .","<BOS> AY1 | K AE1 N | S T AA1 P | W EH1 N | AY1 | M EY1 K | AH1 P | M AY1 | M AY1 N D | T UW1 | IH1 T , AO2 L DH OW1 | IH1 T S | D IH1 F AH0 K AH0 L T <EOS>","[000002][103_1241_000027_000009][P]i_can_stop_when_i_make_up_my_mind_to_it_,_although_its_difficult_.","[000002][103_1241_000027_000009][G]i_can_stop_when_i_make_up_my_mind_to_it_,_although_its_difficult_.","[-0.02820128  0.01513386 -0.38482302 -0.24747935 -0.38160694  0.09496115
 -0.48139676 -0.65989166  1.3268294   0.4183345  -0.71905094 -0.61272967
  0.9215682   0.13486841  1.1606938  -0.10143597 -0.7472459  -0.56791574
 -1.2196616  -0.71250796 -1.1941966   0.71508104 -0.72319424 -0.82921004
  0.83532333  0.4889111   0.8332641  -0.59704524 -0.99885446  0.81292015
 -0.02184977  0.10408869]"
3,103_1241_000038_000014,can you tell me ?,<BOS> K AE1 N | Y UW1 | T EH1 L | M IY1 <EOS>,[000003][103_1241_000038_000014][P]can_you_tell_me_?,[000003][103_1241_000038_000014][G]can_you_tell_me_?,"[ 0.32631174 -1.3139758   0.45330292 -0.57257515 -0.33340102 -0.02804887
 -0.54756784 -1.1728848   0.47588772 -0.39335766 -0.2566011  -0.67370987
  0.49693918 -0.32981607  0.7589088  -0.7121672  -0.21902946  0.19298238
  0.14337634 -0.45925432 -0.58215195  0.3520872   0.47306007  0.3273659
 -0.06925503 -0.13429973  0.41257596  0.5969095  -0.7713862   0.12152983
  1.1259732   0.97733104]"
4,103_1241_000044_000002,its certain ill never be angelically good .,<BOS> IH1 T S | S ER1 T AH0 N | IH1 L | N EH1 V ER0 | B IY1 | AE0 N JH EH1 L IH0 K L IY0 | G UH1 D <EOS>,[000004][103_1241_000044_000002][P]its_certain_ill_never_be_angelically_good_.,[000004][103_1241_000044_000002][G]its_certain_ill_never_be_angelically_good_.,"[-0.6352354   0.05658311 -0.17307897  0.02550257 -0.5831544  -0.26198125
 -0.22747013 -0.14700735  0.5029457   0.01159307 -0.49579507 -0.3588163
  0.59577507 -0.18041554  0.24494913 -0.3608079  -0.35946527  0.18541405
 -0.29137808 -0.13165283 -0.500529    0.93168145 -0.24209909 -0.61325157
  0.4099241   0.35334313  0.8024354  -0.30954158 -0.8729846  -0.28095376
  0.65275526  0.26082414]"
5,103_1241_000044_000004,"oh , mr cuthbert !","<BOS> OW1 , M IH1 S T ER0 | K AH1 TH B ER0 T <EOS>","[000005][103_1241_000044_000004][P]oh_,_mr_cuthbert_!","[000005][103_1241_000044_000004][G]oh_,_mr_cuthbert_!","[ 0.2218565  -1.1105169   0.6120787  -0.3864855   0.0519321  -0.68733805
  0.09653163 -1.4873388   0.21878013  0.2117067  -1.3986492  -0.54720175
  1.0362029   0.10603037  0.32662043 -0.6161975   0.02468279  0.20059028
 -0.47567964 -0.53301966 -0.75847995  1.0388726   0.13123912  0.31682447
 -0.06595011 -0.39931464  0.8372812   0.7874635  -0.34984213 -0.75907433
  0.18421666  0.8140776 ]"
6,103_1241_000044_000005,"oh , mr cuthbert !","<BOS> OW1 , M IH1 S T ER0 | K AH1 TH B ER0 T <EOS>","[000006][103_1241_000044_000005][P]oh_,_mr_cuthbert_!","[000006][103_1241_000044_000005][G]oh_,_mr_cuthbert_!","[ 0.53416526 -1.3336337   0.61317414 -0.5410988   0.41730842 -0.2623716
  0.21521822 -1.2211411   0.17149489 -0.46943602 -1.477843   -0.13145944
  1.5797637   0.31812942 -0.11896258 -0.42284018 -0.07437631  0.20899308
 -0.49393123 -0.61339176 -0.58157235  1.5302888   0.55299044  0.59695315
 -0.6699954   0.1427473   0.6688302   0.8081022  -0.6670469  -0.21137626
 -0.9558669   0.7850112 ]"
7,103_1241_000045_000001,they had simply rounded a curve in the road and found themselves in the avenue .,<BOS> DH EY1 | HH AE1 D | S IH1 M P L IY0 | R AW1 N D AH0 D | AH0 | K ER1 V | IH0 N | DH AH0 | R OW1 D | AH0 N D | F AW1 N D | DH EH0 M S EH1 L V Z | IH0 N | DH AH0 | AE1 V AH0 N UW2 <EOS>,[000007][103_1241_000045_000001][P]they_had_simply_rounded_a_curve_in_the_road_and_found_themselves_in_the_avenue_.,[000007][103_1241_000045_000001][G]they_had_simply_rounded_a_curve_in_the_road_and_found_themselves_in_the_avenue_.,"[-1.1744657   1.7747136  -0.72373325  1.1966463  -0.9097456  -0.7843821
 -0.63934636 -1.1054484   1.2504352  -0.7482997  -1.2622972  -1.7286822
  1.6545451   0.8121749   1.8930368  -0.49955922 -1.7783604  -0.4834221
 -0.82612956  0.05234887 -2.9078362   1.1114072  -1.8244408  -2.6479332
  0.8882427   1.0452063   2.5206401  -1.6866603  -2.1209495   1.4134791
  0.38859802  0.48121235]"
8,103_1241_000074_000001,all she said might just as well have been about most of those other places .,<BOS> AO1 L | SH IY1 | S EH1 D | M AY1 T | JH AH1 S T | AE1 Z | W EH1 L | HH AE1 V | B IH1 N | AH0 B AW1 T | M OW1 S T | AH1 V | DH OW1 Z | AH1 DH ER0 | P L EY1 S AH0 Z <EOS>,[000008][103_1241_000074_000001][P]all_she_said_might_just_as_well_have_been_about_most_of_those_other_places_.,[000008][103_1241_000074_000001][G]all_she_said_might_just_as_well_have_been_about_most_of_those_other_places_.,"[-0.13963622  0.3306859   0.19203408 -0.04367871 -0.5859448  -0.20116486
  0.2087654  -1.0344423   0.3413772  -0.04736012 -0.6839393  -0.45608792
  0.98338443 -0.48517016  0.9716348  -0.45473897 -0.31606397 -0.03030673
 -1.0219824  -0.9133545  -0.7489433   1.1295183  -0.5051205   0.15037826
  0.1192497   0.40704948  1.1316992   0.15775014 -1.2797081   0.4822585
  0.15776883  0.34798288]"
9,1034_121119_000002_000001,"we will leave the banker contemplating the enormous magnitude of his debt before the phantom of bankruptcy , and follow the baroness , who after being momentarily crushed under the weight of the blow which had struck her , had gone to seek her usual adviser , lucien debray .","<BOS> W IY1 | W IH1 L | L IY1 V | DH AH0 | B AE1 NG K ER0 | K AA1 N T AH0 M P L EY2 T IH0 NG | DH AH0 | IH0 N AO1 R M AH0 S | M AE1 G N AH0 T UW2 D | AH1 V | HH IH1 Z | D EH1 T | B IH0 F AO1 R | DH AH0 | F AE1 N T AH0 M | AH1 V | B AE1 NG K R AH0 P S IY0 , AH0 N D | F AA1 L OW0 | DH AH0 | B EH1 R AH0 N IH0 S , HH UW1 | AE1 F T ER0 | B IY1 IH0 NG | M OW2 M AH0 N T EH1 R AH0 L IY0 | K R AH1 SH T | AH1 N D ER0 | DH AH0 | W EY1 T | AH1 V | DH AH0 | B L OW1 | W IH1 CH | HH AE1 D | S T R AH1 K | HH ER0 , HH AE1 D | G AO1 N | T UW1 | S IY1 K | HH ER0 | Y UW1 ZH AH0 W AH0 L | AE0 D V AY1 Z ER0 , L UW1 S IY0 AH0 N | D EH1 B R EY0 <EOS>",[000009][1034_121119_000002_000001][P]we_will_leave_the_banker_contemplating_the_enormous_magnitude_of_his_debt_before,[000009][1034_121119_000002_000001][G]we_will_leave_the_banker_contemplating_the_enormous_magnitude_of_his_debt_before,"[-1.18527    -0.5930656  -0.77672935  0.7325291   1.5282826   0.11443482
 -0.9393101  -0.5930331  -0.1618656  -1.5550373  -0.6138382  -0.14812273
 -0.9758562   2.0606813   1.2550402   0.8053562  -0.21897426  0.7946227
 -1.0307078  -0.14468992  1.4304575   0.24903412  0.60167015  0.7522299
 -0.15276922  0.2546751   1.0867567  -0.05625349  0.7370262   1.4329706
 -4.801129    1.2956212 ]"
10,1034_121119_000022_000000,"oh , how extraordinary !","<BOS> OW1 , HH AW1 | IH0 K S T R AO1 R D AH0 N EH2 R IY0 <EOS>","[000010][1034_121119_000022_000000][P]oh_,_how_extraordinary_!","[000010][1034_121119_000022_000000][G]oh_,_how_extraordinary_!","[ 0.2027244  -0.87503576 -0.5867782   0.14931524  0.06496453 -0.73326087
 -1.2159808  -0.31591478 -1.3285575  -0.5875025  -1.5573975  -0.0819456
  0.68351537  1.7697523  -0.14466038 -0.2991678  -0.69914854  0.90531766
 -0.49081087  0.16488597  0.18443638  1.4478939   0.12277585  0.20786703
 -0.9338014   1.3812782   1.1980183  -0.38283587 -0.05754636 -0.27263343
 -2.3387942   0.59572756]"
11,1034_121119_000037_000000,a mischance ? repeated the baroness .,<BOS> AH0 | M IH0 S CH AE1 N S ? R IH0 P IY1 T IH0 D | DH AH0 | B EH1 R AH0 N IH0 S <EOS>,[000011][1034_121119_000037_000000][P]a_mischance_?_repeated_the_baroness_.,[000011][1034_121119_000037_000000][G]a_mischance_?_repeated_the_baroness_.,"[ 0.4046671  -0.76625437 -1.4598304   0.20629749  0.81178707 -0.03835689
 -0.32979771 -0.3428301  -1.5606196  -0.16118687 -0.5911355   0.59737146
  0.05245605  1.5910113  -0.40018195  0.8527766  -0.7017225  -0.47426528
  0.28870428 -0.67195255  1.6514739   1.1896667   0.3210973  -0.15294167
  0.4133162   0.513725   -0.1567221  -1.233511    0.19197063 -0.07767077
 -1.3950192   0.17303051]"
12,1034_121119_000064_000006,"you will tell me that i am a living being , and not a code a man , and not a volume .","<BOS> Y UW1 | W IH1 L | T EH1 L | M IY1 | DH AE1 T | AY1 | AE1 M | AH0 | L IH1 V IH0 NG | B IY1 IH0 NG , AH0 N D | N AA1 T | AH0 | K OW1 D | AH0 | M AE1 N , AH0 N D | N AA1 T | AH0 | V AA1 L Y UW0 M <EOS>","[000012][1034_121119_000064_000006][P]you_will_tell_me_that_i_am_a_living_being_,_and_not_a_code_a_man_,_and_not_a_vol","[000012][1034_121119_000064_000006][G]you_will_tell_me_that_i_am_a_living_being_,_and_not_a_code_a_man_,_and_not_a_vol","[ 1.9765234  -1.570225   -0.14888497  2.4417875   2.759135   -0.58710927
 -2.581476    0.29311636  0.24353376 -2.0031807   0.33895248  0.54474974
 -0.23944826  1.1339855   0.1186707   0.6516063  -0.9920387   0.15585141
 -1.1030285  -0.17670698  1.2585101   0.09152798 -0.21910726  0.3190702
 -1.5842565   0.31927514  0.6278961  -1.3751637  -0.08568363  0.5130129
 -6.0370502   0.67998874]"
13,1040_133433_000022_000000,no,<BOS> N OW1 <EOS>,[000013][1040_133433_000022_000000][P]no,[000013][1040_133433_000022_000000][G]no,"[ 0.5495006  -0.52938354  0.01422268  0.22229692 -0.18815935 -0.5035329
 -0.2986112   0.5897085  -0.38240808 -0.56520236 -0.6909404  -0.74959004
 -0.02889046  0.41715005 -0.4529321  -0.01164879 -0.46206507  0.24017632
  0.17363732  0.05469439 -0.24322104  0.317277    0.2069432  -0.26947308
  0.24786729  1.1447504  -0.4605948  -0.43395865 -0.7761441  -0.03692295
 -0.5102937  -0.2889853 ]"
14,1040_133433_000023_000000,"about me , peter ?","<BOS> AH0 B AW1 T | M IY1 , P IY1 T ER0 <EOS>","[000014][1040_133433_000023_000000][P]about_me_,_peter_?","[000014][1040_133433_000023_000000][G]about_me_,_peter_?","[-0.06841376 -0.2627584  -1.3651359  -0.09960712  0.05731505 -0.26641935
  0.30126965  0.01662583  0.82354283  0.46567142  0.13953684 -0.9129561
  0.05506329  0.88334394 -0.34771553  0.88036424 -0.45386353  0.4113434
  0.73220515 -0.05174084 -0.7675128   0.3412232  -0.47763497 -0.3717733
  0.04180792  1.0661042  -0.8572626  -1.2298568  -1.4646039   0.13667502
 -1.0634745  -0.93544877]"
15,1040_133433_000056_000000,"michael believed longer than the other boys , though they jeered at him ; so he was with wendy when peter came for her at the end of the first year .","<BOS> M AY1 K AH0 L | B IH0 L IY1 V D | L AO1 NG G ER0 | DH AE1 N | DH AH0 | AH1 DH ER0 | B OY1 Z , DH OW1 | DH EY1 | JH IH1 R D | AE1 T | HH IH1 M ; S OW1 | HH IY1 | W AA1 Z | W IH1 DH | W EH1 N D IY0 | W EH1 N | P IY1 T ER0 | K EY1 M | F AO1 R | HH ER0 | AE1 T | DH AH0 | EH1 N D | AH1 V | DH AH0 | F ER1 S T | Y IH1 R <EOS>","[000015][1040_133433_000056_000000][P]michael_believed_longer_than_the_other_boys_,_though_they_jeered_at_him_;_so_he_","[000015][1040_133433_000056_000000][G]michael_believed_longer_than_the_other_boys_,_though_they_jeered_at_him_;_so_he_","[ 0.48462316  1.4051486   0.3533163  -0.11735802 -1.2055029  -1.7983491
  0.298587    0.85122186  0.24593067  0.01847099  0.58752793 -0.3128533
 -1.2499298   0.3264787   0.39899036  2.1441007  -1.3368446   0.6896261
  0.73467714 -2.198984   -0.66587675 -0.47551474 -0.5226482   1.2299883
  1.5583951   0.3725559  -0.76794624 -0.04857783 -3.2046518  -0.10966934
 -0.21890727 -1.1760308 ]"
16,1040_133433_000063_000000,"there are such a lot of them , he said .","<BOS> DH EH1 R | AA1 R | S AH1 CH | AH0 | L AA1 T | AH1 V | DH EH1 M , HH IY1 | S EH1 D <EOS>","[000016][1040_133433_000063_000000][P]there_are_such_a_lot_of_them_,_he_said_.","[000016][1040_133433_000063_000000][G]there_are_such_a_lot_of_them_,_he_said_.","[ 0.04979303 -1.0192213   0.45397735 -0.47600767 -0.71562505 -0.79560786
 -0.27825978  0.9303605  -0.20157926  0.48951268 -0.23142551 -0.25008318
 -1.0322776   0.13651055 -0.32928488  0.750042   -0.6982775   0.5405763
  0.17679544 -0.4656023  -0.12606007  0.13858566 -0.04785603  1.0943406
  0.5184693   0.7093903  -0.71614236 -0.29273558 -1.2148122  -0.27987117
 -0.10301952 -1.0940276 ]"
17,1040_133433_000071_000006,in the end she grew up of her own free will a day quicker than other girls .,<BOS> IH0 N | DH AH0 | EH1 N D | SH IY1 | G R UW1 | AH1 P | AH1 V | HH ER0 | OW1 N | F R IY1 | W IH1 L | AH0 | D EY1 | K W IH1 K ER0 | DH AE1 N | AH1 DH ER0 | G ER1 L Z <EOS>,[000017][1040_133433_000071_000006][P]in_the_end_she_grew_up_of_her_own_free_will_a_day_quicker_than_other_girls_.,[000017][1040_133433_000071_000006][G]in_the_end_she_grew_up_of_her_own_free_will_a_day_quicker_than_other_girls_.,"[ 0.670256   -0.72541165  0.78184044 -0.16308615 -1.1689475  -1.6178464
 -0.3266326   1.9182996   0.6787708   0.8657516   0.9692721  -0.29004773
 -1.4916725   0.11850955  0.47608015  1.9489373  -0.7937027   0.6055446
  0.29901046 -0.7329035  -1.4408766   0.23317136 -0.8754257   1.5395405
  1.00056     0.16436514 -0.75915587  0.42657465 -1.7585887   0.24556126
  0.23071565 -0.7259054 ]"
18,1040_133433_000072_000005,that used to be tootles .,<BOS> DH AE1 T | Y UW1 S T | T UW1 | B IY1 | T UW1 T AH0 L Z <EOS>,[000018][1040_133433_000072_000005][P]that_used_to_be_tootles_.,[000018][1040_133433_000072_000005][G]that_used_to_be_tootles_.,"[ 0.60057867 -0.76945746  0.53162044 -0.02532475 -0.3520037  -0.6830078
 -0.16190207  0.1952323   0.10497331  0.01211315 -0.55795026 -0.60469925
 -0.06010502  0.19587106  0.13760385  0.6963485  -0.8441496   0.6273384
 -0.05568605 -0.48647967 -0.446475    0.45828083  0.38749033  0.60022736
  0.7372166   0.7979694  -0.39978793 -0.21034439 -1.1197821   0.7024267
  0.14292113 -0.18715326]"
19,1040_133433_000075_000001,when she was old enough to ask them they were mostly about peter pan .,<BOS> W EH1 N | SH IY1 | W AA1 Z | OW1 L D | IH0 N AH1 F | T UW1 | AE1 S K | DH EH1 M | DH EY1 | W ER0 | M OW1 S T L IY0 | AH0 B AW1 T | P IY1 T ER0 | P AE1 N <EOS>,[000019][1040_133433_000075_000001][P]when_she_was_old_enough_to_ask_them_they_were_mostly_about_peter_pan_.,[000019][1040_133433_000075_000001][G]when_she_was_old_enough_to_ask_them_they_were_mostly_about_peter_pan_.,"[ 1.1267779   0.14664364  0.7311088   0.24579364 -0.477885   -1.2058522
 -0.24243864  0.9071601   0.08255205  0.08842935  0.00339176  0.58470213
 -0.70011973  0.639319    0.8731224   1.9731091  -1.0133004   0.28031015
 -0.36906672 -1.8426802  -1.4227204   0.628849   -0.8949733   0.5964674
  0.95233965  0.51925194 -1.2975868  -0.4623605  -2.2110994   0.14243563
 -0.28506845 -0.5579048 ]"
20,1040_133433_000086_000000,"why cant you fly now , mother ?","<BOS> W AY1 | K AE1 N T | Y UW1 | F L AY1 | N AW1 , M AH1 DH ER0 <EOS>","[000020][1040_133433_000086_000000][P]why_cant_you_fly_now_,_mother_?","[000020][1040_133433_000086_000000][G]why_cant_you_fly_now_,_mother_?","[ 0.64702106 -1.8365538  -0.23356286 -0.34279135 -0.08928666 -0.53123194
  0.19681382  0.6695891  -0.41140127  0.05010426 -0.03318153  0.1579735
 -0.7007851   1.2597581  -0.3978076   0.6268959  -0.8413255   0.64437294
  0.5873192  -0.48928243  0.3826377   0.29164252 -0.01233327  1.888748
  0.49176145  0.44214892 -0.88637775  0.4032793  -0.50358444  0.00320898
 -0.63461703 -0.28487632]"
21,1040_133433_000103_000000,"the last thing he ever said to me was , just always be waiting for me , and then some night you will hear me crowing .","<BOS> DH AH0 | L AE1 S T | TH IH1 NG | HH IY1 | EH1 V ER0 | S EH1 D | T UW1 | M IY1 | W AA1 Z , JH AH1 S T | AO1 L W EY2 Z | B IY1 | W EY1 T IH0 NG | F AO1 R | M IY1 , AH0 N D | DH EH1 N | S AH1 M | N AY1 T | Y UW1 | W IH1 L | HH IY1 R | M IY1 | K R OW1 IH0 NG <EOS>","[000021][1040_133433_000103_000000][P]the_last_thing_he_ever_said_to_me_was_,_just_always_be_waiting_for_me_,_and_then","[000021][1040_133433_000103_000000][G]the_last_thing_he_ever_said_to_me_was_,_just_always_be_waiting_for_me_,_and_then","[ 1.2840282  -0.2638509  -0.00527009 -0.54054135 -1.2487231  -1.0788116
 -0.11022219  1.8373779   0.7029256   1.2137442   0.574488   -0.6887802
 -1.5043103   0.18950126  0.32936683  1.327743   -1.2937365   0.5757606
  0.33582813 -1.0539865  -0.5164044   0.27298805 -0.7266224   1.1853013
  0.790444    0.43871772 -1.1900514  -0.5007212  -2.0169194  -0.12591763
  0.11896341 -0.01522543]"
22,1040_133433_000122_000000,"that is not michael , she said quickly , lest a judgment should fall on her .","<BOS> DH AE1 T | IH1 Z | N AA1 T | M AY1 K AH0 L , SH IY1 | S EH1 D | K W IH1 K L IY0 , L EH1 S T | AH0 | JH AH1 JH M AH0 N T | SH UH1 D | F AO1 L | AA1 N | HH ER0 <EOS>","[000022][1040_133433_000122_000000][P]that_is_not_michael_,_she_said_quickly_,_lest_a_judgment_should_fall_on_her_.","[000022][1040_133433_000122_000000][G]that_is_not_michael_,_she_said_quickly_,_lest_a_judgment_should_fall_on_her_.","[ 0.1213724  -0.14457268 -0.7248762  -0.24785092  0.31777522 -1.5750453
  1.4582417   1.134407   -0.00877877 -0.44581625  1.3640934  -0.58795416
 -0.69349    -0.6037533   0.16808385  2.298975   -0.50300634 -0.40004402
  0.60826653 -0.8429128   1.2813289   0.5968072   0.33686453  1.0912637
  0.7614376   0.43633723 -1.052148    0.19072582 -2.4244876   1.2476566
 -1.2428122  -1.0202    ]"
23,1040_133433_000124_000000,yes .,<BOS> Y EH1 S <EOS>,[000023][1040_133433_000124_000000][P]yes_.,[000023][1040_133433_000124_000000][G]yes_.,"[ 0.6118417  -1.4253744  -0.01638295  0.1800273  -0.36514783 -0.73957115
 -0.5255475   0.24501768 -0.4215631  -0.83797455 -0.90181214 -0.62757885
  0.51359004  0.6737641  -0.50285524  0.28548127 -0.4741393   0.09629016
 -0.28676006 -0.04261973  0.352645    0.63103366  0.5162285  -0.08044515
  0.45987827  0.9948761  -0.55343384  0.00624856 -1.1255591   0.437927
 -0.7725725  -0.58974195]"
24,1040_133433_000125_000000,boy or girl ?,<BOS> B OY1 | AO1 R | G ER1 L <EOS>,[000024][1040_133433_000125_000000][P]boy_or_girl_?,[000024][1040_133433_000125_000000][G]boy_or_girl_?,"[ 1.1218098  -0.5909465  -0.04192947  0.4722764   0.74826455 -0.61183065
 -0.35762212  0.5303295  -0.00496016 -0.520504   -0.30917782  0.6294695
 -0.41787463  1.3083351  -0.35319075  0.699943   -0.70957506  0.15582326
 -0.6485962  -1.1321836  -0.2566875   0.19122988  0.17614837 -0.10244775
 -0.46167484  1.1172032  -0.79868215 -0.63705146 -1.3606477   0.0130347
 -2.2665753  -1.1877553 ]"
25,1040_133433_000141_000002,i grew up long ago .,<BOS> AY1 | G R UW1 | AH1 P | L AO1 NG | AH0 G OW1 <EOS>,[000025][1040_133433_000141_000002][P]i_grew_up_long_ago_.,[000025][1040_133433_000141_000002][G]i_grew_up_long_ago_.,"[ 0.01547085 -1.7522203   1.0131277  -0.28381762 -0.02165112 -0.75758165
  0.23960724  0.7346994  -0.6199931  -0.22637942  0.48997843 -0.20617408
 -1.1510798   0.24023044  0.61062634  0.7613034  -0.94784164  0.6479861
  0.6615477   0.05118502  0.0717076   0.5201931   0.45731592  1.4087547
  1.1724917   0.50927645 -0.7136634   0.18650429 -1.6118141   0.49495208
  0.4324296  -0.557418  ]"
26,1040_133433_000153_000000,"my name is peter pan , he told her .","<BOS> M AY1 | N EY1 M | IH1 Z | P IY1 T ER0 | P AE1 N , HH IY1 | T OW1 L D | HH ER0 <EOS>","[000026][1040_133433_000153_000000][P]my_name_is_peter_pan_,_he_told_her_.","[000026][1040_133433_000153_000000][G]my_name_is_peter_pan_,_he_told_her_.","[ 0.6985917  -0.81025255  0.16484071  0.10309262 -0.9177247  -1.8704647
 -0.9704797   1.3368994  -1.4455752  -1.5030364  -0.22077982  0.24741381
 -0.44734657 -0.00796363 -0.63735795  0.98987275 -1.70264    -0.29937348
  0.01200867 -1.0851934  -0.3959535  -0.0831161   0.6133227   1.5066743
  1.2835695   0.7168839  -0.5035585   0.4639007  -1.4886986  -0.6551166
 -1.2204367  -1.3963082 ]"
27,1040_133433_000156_000000,"yes , i know , jane said , i have been waiting for you .","<BOS> Y EH1 S , AY1 | N OW1 , JH EY1 N | S EH1 D , AY1 | HH AE1 V | B IH1 N | W EY1 T IH0 NG | F AO1 R | Y UW1 <EOS>","[000027][1040_133433_000156_000000][P]yes_,_i_know_,_jane_said_,_i_have_been_waiting_for_you_.","[000027][1040_133433_000156_000000][G]yes_,_i_know_,_jane_said_,_i_have_been_waiting_for_you_.","[ 1.2825861  -0.99934506  0.8212657   0.08385084 -0.84273076 -1.8105671
 -0.5696038   1.8826838  -0.23450337 -0.73691845 -0.202484   -0.04347715
 -0.19055372  0.23571157  0.12452111  1.6230881  -0.6974002  -0.5657521
  0.20650174 -0.61855626 -0.81824744  0.5460817   0.28655326  2.5347414
  1.0574548   0.10942164 -0.71689045 -0.19086145 -1.3144376  -0.3340553
 -0.45843214 -0.9045923 ]"
28,1040_133433_000157_000000,"when wendy returned diffidently she found peter sitting on the bed post crowing gloriously , while jane in her nighty was flying round the room in solemn ecstasy .","<BOS> W EH1 N | W EH1 N D IY0 | R IH0 T ER1 N D | D IH1 F AH0 D AH0 N T L IY0 | SH IY1 | F AW1 N D | P IY1 T ER0 | S IH1 T IH0 NG | AA1 N | DH AH0 | B EH1 D | P OW1 S T | K R OW1 IH0 NG | G L AO1 R IY0 AH0 S L IY0 , W AY1 L | JH EY1 N | IH0 N | HH ER0 | N AY1 T IY0 | W AA1 Z | F L AY1 IH0 NG | R AW1 N D | DH AH0 | R UW1 M | IH0 N | S AA1 L AH0 M | EH1 K S T AH0 S IY0 <EOS>",[000028][1040_133433_000157_000000][P]when_wendy_returned_diffidently_she_found_peter_sitting_on_the_bed_post_crowing_,[000028][1040_133433_000157_000000][G]when_wendy_returned_diffidently_she_found_peter_sitting_on_the_bed_post_crowing_,"[ 1.0493075  -0.31103772  0.5837683  -0.79803663 -1.6835504  -2.479337
 -0.42142436  1.9254178  -1.0094382  -0.9180244  -0.00857978  0.27450854
 -0.9520908   0.16875252 -0.08194225  1.7700323  -1.0820223  -0.32748967
 -0.317222   -1.9465613  -0.7493373  -0.67095584  0.32041717  3.0298235
  1.5936037   1.0116087  -1.5529019   0.5754393  -1.7404971  -0.90548533
 -0.9012954  -1.4072908 ]"
29,1069_133699_000003_000008,"we shall never get on together therefore , and theres no use trying .","<BOS> W IY1 | SH AE1 L | N EH1 V ER0 | G EH1 T | AA1 N | T AH0 G EH1 DH ER0 | DH EH1 R F AO2 R , AH0 N D | DH EH1 R Z | N OW1 | Y UW1 S | T R AY1 IH0 NG <EOS>","[000029][1069_133699_000003_000008][P]we_shall_never_get_on_together_therefore_,_and_theres_no_use_trying_.","[000029][1069_133699_000003_000008][G]we_shall_never_get_on_together_therefore_,_and_theres_no_use_trying_.","[ 0.35882488 -0.32937467  0.8824666   0.41662025 -1.1366422   0.5749764
 -0.6462927  -0.21786341 -0.7739604   0.42817158 -0.9919762  -0.16394094
  0.6167587  -0.4034997   1.1721184   0.27842033  0.35199052  0.59395874
 -1.401671    0.30852693  0.8295348   0.68274623  0.46698368  0.21552631
  0.22618225 -0.6690975   0.7603699   2.536452   -0.15725254 -0.0966806
 -0.5497859   0.19460107]"
30,1069_133699_000004_000003,"this contribution to the discussion , however , miss stackpole rejected with scorn .","<BOS> DH IH1 S | K AA2 N T R AH0 B Y UW1 SH AH0 N | T UW1 | DH AH0 | D IH0 S K AH1 SH AH0 N , HH AW2 EH1 V ER0 , M IH1 S | S T AE1 K P OW2 L | R IH0 JH EH1 K T IH0 D | W IH1 DH | S K AO1 R N <EOS>","[000030][1069_133699_000004_000003][P]this_contribution_to_the_discussion_,_however_,_miss_stackpole_rejected_with_sco","[000030][1069_133699_000004_000003][G]this_contribution_to_the_discussion_,_however_,_miss_stackpole_rejected_with_sco","[ 0.39052883 -0.4218238   0.1641048   0.80547196 -0.6146049   1.169563
 -0.07332078  0.41083553 -0.5729691   0.601732   -1.0107256  -0.22143671
  0.39248568  0.03157862  1.4808098   0.02214853 -0.30759558  0.19024038
 -1.2884312   0.13200808  1.8993944   0.14625156  0.7376346  -0.02330604
  0.8877137  -1.6379981   0.88405615  1.8428682   0.17231369  0.02141406
 -0.05505593  0.3545482 ]"
31,1069_133699_000004_000004,middling indeed !,<BOS> M IH1 D AH0 L IH0 NG | IH0 N D IY1 D <EOS>,[000031][1069_133699_000004_000004][P]middling_indeed_!,[000031][1069_133699_000004_000004][G]middling_indeed_!,"[ 0.9802966  -1.1341823   0.17196019 -0.18456772 -0.68519676  0.0564415
 -0.02632537  0.49678805 -0.5748052  -0.2205871  -0.7135211  -1.308328
  0.20422633 -0.6775683  -0.03176054  0.23161736 -0.7143512   0.39427668
  0.18110617  0.25832385  0.39898518 -0.03184718  0.32009876 -0.35843223
  0.3222546  -0.9380148   0.04712052  1.9919368  -1.2975588   1.0482187
  0.18530254  0.9522234 ]"
32,1069_133699_000008_000000,"theyre the companions of freemen , henrietta retorted .","<BOS> TH EH1 R | DH AH0 | K AH0 M P AE1 N Y AH0 N Z | AH1 V | F R IY1 M EH0 N , HH EH2 N R IY0 EH1 T AH0 | R IY0 T AO1 R T IH0 D <EOS>","[000032][1069_133699_000008_000000][P]theyre_the_companions_of_freemen_,_henrietta_retorted_.","[000032][1069_133699_000008_000000][G]theyre_the_companions_of_freemen_,_henrietta_retorted_.","[ 0.52269614 -0.32824647 -0.43229735 -0.25334072 -0.3964156   0.53902406
 -0.33360508 -0.02218514 -0.7916971   0.5340631  -0.5826457  -0.3979139
 -0.32064018 -0.59118366  0.41113576  0.19444901 -0.25512978 -0.16835284
 -0.10793028  0.5021416   0.9929924  -0.48158842  0.22385354 -0.33146042
  0.6114858  -0.8418472   0.31461042  1.3256273  -0.21468185  0.619893
  0.10701321  0.56048083]"
33,1069_133699_000009_000000,theyre the companions of their servants the irish chambermaid and the negro waiter .,<BOS> TH EH1 R | DH AH0 | K AH0 M P AE1 N Y AH0 N Z | AH1 V | DH EH1 R | S ER1 V AH0 N T S | DH AH0 | AY1 R IH0 SH | CH AE1 M B ER0 M EY2 D | AH0 N D | DH AH0 | N IY1 G R OW0 | W EY1 T ER0 <EOS>,[000033][1069_133699_000009_000000][P]theyre_the_companions_of_their_servants_the_irish_chambermaid_and_the_negro_wait,[000033][1069_133699_000009_000000][G]theyre_the_companions_of_their_servants_the_irish_chambermaid_and_the_negro_wait,"[ 0.09682539  0.30420935 -0.03128009  0.97313887 -1.2835499   0.7092484
 -0.07456836  0.2977744  -0.73637193 -0.17705259 -1.0941821  -0.65984476
 -0.06157545 -1.0149262   1.2419152  -0.26749438 -0.28496805 -0.25751638
 -1.5124161   0.12943882  1.2241167  -0.5606377   1.005761   -1.0546561
  0.7669027  -1.4686745   0.15432033  1.358485    0.6320399   0.39014888
 -0.05726965  0.76934445]"
34,1069_133699_000020_000000,"no , that would be a great pain ; but its not that .","<BOS> N OW1 , DH AE1 T | W UH1 D | B IY1 | AH0 | G R EY1 T | P EY1 N ; B AH1 T | IH1 T S | N AA1 T | DH AE1 T <EOS>","[000034][1069_133699_000020_000000][P]no_,_that_would_be_a_great_pain_;_but_its_not_that_.","[000034][1069_133699_000020_000000][G]no_,_that_would_be_a_great_pain_;_but_its_not_that_.","[ 1.0299035   0.1221602   0.52965236  0.7430204  -0.78283095  0.6252894
 -0.1950601   0.31342164 -0.0397252   0.6420721  -1.0971987  -0.9967822
  0.7801625  -0.41672453  1.7814829  -0.20095102  0.20863613 -0.01928757
 -1.9035777   0.60786116  1.1718949   0.27484974  0.49519646 -0.7176578
 -0.19864506 -0.99218446  1.5577923   2.2383683   0.28959584  0.18929373
 -0.53790504  0.8194665 ]"
35,1069_133699_000021_000000,faithless to my country then ?,<BOS> F EY1 TH L AH0 S | T UW1 | M AY1 | K AH1 N T R IY0 | DH EH1 N <EOS>,[000035][1069_133699_000021_000000][P]faithless_to_my_country_then_?,[000035][1069_133699_000021_000000][G]faithless_to_my_country_then_?,"[ 0.6718241  -0.04055274 -0.18572421 -0.45832607  0.00580138 -0.03973348
 -0.02678874 -0.02987867 -0.85678804  1.0657971  -0.8309801  -0.36342505
 -0.31814265 -0.65094995  0.667703   -0.41787815  0.07646936  0.34476697
 -0.30418628  0.74024826  1.4442024  -0.07392254  0.87686217 -0.56909025
  0.456582   -0.3213814   0.94833237  1.8518828   0.24485885 -0.4474659
  0.09400944  0.86603886]"
36,1069_133699_000023_000001,"as a rule i dont think i suspect , said isabel .","<BOS> AE1 Z | AH0 | R UW1 L | AY1 | D AA1 N T | TH IH1 NG K | AY1 | S AH0 S P EH1 K T , S EH1 D | IH1 Z AH0 B EH2 L <EOS>","[000036][1069_133699_000023_000001][P]as_a_rule_i_dont_think_i_suspect_,_said_isabel_.","[000036][1069_133699_000023_000001][G]as_a_rule_i_dont_think_i_suspect_,_said_isabel_.","[ 0.67532766 -0.6624701   0.10415341 -0.05126046  0.10699672  0.98331875
  0.04036319 -0.00990795 -0.40808785  0.55064046 -0.7093591   0.01869701
  0.07815139  0.06160595  0.8589788  -0.19692107 -0.44133595  0.42068732
 -0.4788062   0.19548151  0.8318884  -0.0514693   0.26059043  0.34065083
 -0.1831103  -0.45152545  0.85830486  0.8391163  -0.30751842  0.64856994
 -0.40043312  0.19330725]"
37,1069_133699_000027_000001,thats what i wish to be sure of .,<BOS> TH AE1 T S | W AH1 T | AY1 | W IH1 SH | T UW1 | B IY1 | SH UH1 R | AH1 V <EOS>,[000037][1069_133699_000027_000001][P]thats_what_i_wish_to_be_sure_of_.,[000037][1069_133699_000027_000001][G]thats_what_i_wish_to_be_sure_of_.,"[-0.10734017 -0.16433552  0.07808127 -0.09096029 -0.47608042  0.48213553
 -0.23226383 -0.00459746 -0.253461    0.8809092  -0.6344726   0.01825106
  0.07155238 -0.4038336   0.21890476 -0.24430303  0.23242557  0.5303195
 -0.60575145  0.03164171  0.5321686   0.20815876 -0.092766    0.34936562
 -0.27117366 -0.5908995   0.63045347  0.8499515   0.39441502  0.05763544
 -0.0520101   0.6485648 ]"
38,1069_133699_000028_000001,"henrietta gazed at her , in silence , for a period which tried isabels patience , so that our heroine added at last : do you mean that youre going to be married ?","<BOS> HH EH2 N R IY0 EH1 T AH0 | G EY1 Z D | AE1 T | HH ER0 , IH0 N | S AY1 L AH0 N S , F AO1 R | AH0 | P IH1 R IY0 AH0 D | W IH1 CH | T R AY1 D | IH0 S EY1 B AH0 L Z | P EY1 SH AH0 N S , S OW1 | DH AE1 T | AW1 ER0 | HH EH1 R OW0 AH0 N | AE1 D AH0 D | AE1 T | L AE1 S T : D UW1 | Y UW1 | M IY1 N | DH AE1 T | Y UH1 R | G OW1 IH0 NG | T UW1 | B IY1 | M EH1 R IY0 D <EOS>","[000038][1069_133699_000028_000001][P]henrietta_gazed_at_her_,_in_silence_,_for_a_period_which_tried_isabels_patience_","[000038][1069_133699_000028_000001][G]henrietta_gazed_at_her_,_in_silence_,_for_a_period_which_tried_isabels_patience_","[ 0.16378048 -0.07635987 -0.20312144  0.24755904 -0.570197    0.62080514
  0.04411933  0.5432146  -0.39073026  0.310651   -0.60529506  0.1740564
 -0.43728682 -0.33850124  1.5428591  -0.04083364  0.2477977  -0.10576975
 -1.229885   -0.23964873  1.6686169  -0.74464023  0.936118    0.16523471
  0.31393695 -0.7935758   0.34781784  2.2341886   0.41533232  0.4873923
  0.00376384  0.15065181]"
39,1069_133699_000045_000002,"hell find you changed , the latter pursued .","<BOS> HH EH1 L | F AY1 N D | Y UW1 | CH EY1 N JH D , DH AH0 | L AE1 T ER0 | P ER0 S UW1 D <EOS>","[000039][1069_133699_000045_000002][P]hell_find_you_changed_,_the_latter_pursued_.","[000039][1069_133699_000045_000002][G]hell_find_you_changed_,_the_latter_pursued_.","[ 0.70248926 -0.46713835 -0.04941048 -0.5825152  -0.43149692  1.1661642
  0.30685288 -0.19427246 -0.57063496  0.27154893 -0.9622311  -0.5593014
  0.2608494  -0.49269834  0.9681283   0.16348262  0.22166272  0.19498658
 -1.1635278   0.6639308   0.54346275 -0.14944437  0.28318584 -0.65515196
 -0.06379996 -0.7276199   0.5885532   2.0292492  -0.20060153  0.52988744
 -0.41509986  0.60419434]"
40,1069_133699_000054_000001,if you mean that i had any idea with regard to mr goodwood ! but she faltered before her friends implacable glitter .,<BOS> IH1 F | Y UW1 | M IY1 N | DH AE1 T | AY1 | HH AE1 D | EH1 N IY0 | AY0 D IY1 AH0 | W IH1 DH | R AH0 G AA1 R D | T UW1 | M IH1 S T ER0 | G UH1 D W UH2 D ! B AH1 T | SH IY1 | F AA1 L T ER0 D | B IH0 F AO1 R | HH ER0 | F R EH1 N D Z | IH0 M P L AE1 K AH0 B AH0 L | G L IH1 T ER0 <EOS>,[000040][1069_133699_000054_000001][P]if_you_mean_that_i_had_any_idea_with_regard_to_mr_goodwood_!_but_she_faltered_be,[000040][1069_133699_000054_000001][G]if_you_mean_that_i_had_any_idea_with_regard_to_mr_goodwood_!_but_she_faltered_be,"[ 1.0848463  -0.21010166  0.1337149   0.9262584  -0.63301593  0.29857224
  0.4784203   0.12663525 -0.15837707 -0.3270128  -0.6471505  -0.68514717
 -0.43862477 -0.9445335   2.2707555  -0.5253459  -0.13499308 -0.28502887
 -2.0587308   0.21679834  1.6454659  -0.77073056  1.4671773  -0.73013985
  0.46944988 -1.7710822   1.5939728   3.0434413  -0.08850135  0.38377732
  0.4043668   1.0413852 ]"
41,1069_133699_000057_000001,but i dont believe that ; hes not a man to do nothing .,<BOS> B AH1 T | AY1 | D AA1 N T | B IH0 L IY1 V | DH AE1 T ; HH IY1 Z | N AA1 T | AH0 | M AE1 N | T UW1 | D UW1 | N AH1 TH IH0 NG <EOS>,[000041][1069_133699_000057_000001][P]but_i_dont_believe_that_;_hes_not_a_man_to_do_nothing_.,[000041][1069_133699_000057_000001][G]but_i_dont_believe_that_;_hes_not_a_man_to_do_nothing_.,"[ 1.0064297  -0.8682555   0.77019876  0.12782958 -0.34188807  0.6488446
  0.66832    -0.9689345   0.19481818 -0.12403554 -1.0707213  -1.0569685
  1.2333183  -0.06309108  1.7266743  -0.89918965  0.02232429  0.3606752
 -1.4638772   0.2545361   0.2799568   0.3923443   1.1009858  -1.1086024
 -1.1988088  -1.5339389   2.3417478   3.736809   -0.44470727  1.3959559
 -0.47468847  1.9305394 ]"
42,1069_133699_000059_000000,"ah , you do care for him ! her visitor rang out .","<BOS> AA1 , Y UW1 | D UW1 | K EH1 R | F AO1 R | HH IH1 M ! HH ER0 | V IH1 Z AH0 T ER0 | R AE1 NG | AW1 T <EOS>","[000042][1069_133699_000059_000000][P]ah_,_you_do_care_for_him_!_her_visitor_rang_out_.","[000042][1069_133699_000059_000000][G]ah_,_you_do_care_for_him_!_her_visitor_rang_out_.","[ 0.31027013 -0.9655318   1.1313915   0.7279907  -0.45462346 -0.38986754
  0.5369011   0.54684716 -0.03908081  0.8576336  -0.03478213 -0.6081047
 -0.722748   -0.51300097  2.7749627   0.01861624  0.05501968  0.15041783
 -0.7202623   0.58757293  2.438568    0.4419492   1.3123258   1.0515934
  0.8612362  -3.1678333   3.3143594   3.8424506  -0.32182825 -0.11761059
  0.8959554   0.9749471 ]"
43,1069_133699_000060_000001,when a mans of that infallible mould what does it matter to him what one feels ?,<BOS> W EH1 N | AH0 | M AE1 N Z | AH1 V | DH AE1 T | IH0 N F AE1 L AH0 B AH0 L | M OW1 L D | W AH1 T | D AH1 Z | IH1 T | M AE1 T ER0 | T UW1 | HH IH1 M | W AH1 T | W AH1 N | F IY1 L Z <EOS>,[000043][1069_133699_000060_000001][P]when_a_mans_of_that_infallible_mould_what_does_it_matter_to_him_what_one_feels_?,[000043][1069_133699_000060_000001][G]when_a_mans_of_that_infallible_mould_what_does_it_matter_to_him_what_one_feels_?,"[ 0.55241525 -1.0709815   1.4221635   0.6623762  -0.73830485  0.15217513
  0.44649035 -1.1160475   0.13866805 -0.4533628  -0.8253599  -1.1506082
  0.5856741   1.1008437   2.7337997  -1.4847789  -0.34748664 -0.23024881
 -2.378438    1.0605404   0.41168538  0.8109633   1.3743588  -0.4664227
 -1.1820331  -1.9937137   3.3317113   3.8693264  -0.93881553  1.1180189
  0.24629594  0.41454285]"
44,1069_133699_000065_000000,i believe you hope it about as much as i believe him capable of it .,<BOS> AY1 | B IH0 L IY1 V | Y UW1 | HH OW1 P | IH1 T | AH0 B AW1 T | AE1 Z | M AH1 CH | AE1 Z | AY1 | B IH0 L IY1 V | HH IH1 M | K EY1 P AH0 B AH0 L | AH1 V | IH1 T <EOS>,[000044][1069_133699_000065_000000][P]i_believe_you_hope_it_about_as_much_as_i_believe_him_capable_of_it_.,[000044][1069_133699_000065_000000][G]i_believe_you_hope_it_about_as_much_as_i_believe_him_capable_of_it_.,"[ 0.93405473 -0.57706463  0.5239641   0.3151543  -0.7734934   1.5112752
 -0.18083084 -0.39699253 -0.3003093   0.40517914 -1.4515499  -0.20214942
  1.0752819  -0.15476415  1.0182623  -0.07551827  0.00896773  0.45188808
 -1.7140815   0.49029768  0.45577    -0.21788037  0.30598563 -0.67386115
 -0.5632763  -0.96383226  1.1342834   2.5769894  -0.41544825  0.88480663
 -0.786684    0.8192246 ]"
45,1069_133699_000066_000003,"the feeling pressed upon her ; it made the air sultry , as if there were to be a change of weather ; and the weather , socially speaking , had been so agreeable during isabels stay at gardencourt that any change would be for the worse .","<BOS> DH AH0 | F IY1 L IH0 NG | P R EH1 S T | AH0 P AA1 N | HH ER0 ; IH1 T | M EY1 D | DH AH0 | EH1 R | S AH1 L T R IY0 , AE1 Z | IH1 F | DH EH1 R | W ER0 | T UW1 | B IY1 | AH0 | CH EY1 N JH | AH1 V | W EH1 DH ER0 ; AH0 N D | DH AH0 | W EH1 DH ER0 , S OW1 SH AH0 L IY0 | S P IY1 K IH0 NG , HH AE1 D | B IH1 N | S OW1 | AH0 G R IY1 AH0 B AH0 L | D UH1 R IH0 NG | IH0 S EY1 B AH0 L Z | S T EY1 | AE1 T | G AA1 R D AH0 N K AO2 R T | DH AE1 T | EH1 N IY0 | CH EY1 N JH | W UH1 D | B IY1 | F AO1 R | DH AH0 | W ER1 S <EOS>","[000045][1069_133699_000066_000003][P]the_feeling_pressed_upon_her_;_it_made_the_air_sultry_,_as_if_there_were_to_be_a","[000045][1069_133699_000066_000003][G]the_feeling_pressed_upon_her_;_it_made_the_air_sultry_,_as_if_there_were_to_be_a","[ 0.13536772  0.2536673  -0.9678773   0.68023884 -0.9483639   0.32831156
 -0.00642505  1.2813342   0.00526331  0.31117967 -0.797432   -0.30019793
 -0.55416554 -0.8790405   2.1145062  -0.20310448  0.10313061 -0.7893961
 -1.6100773   1.0426233   2.8876357  -0.76803666  1.4313927  -0.5204959
  1.5081395  -1.6968062   1.377881    2.8989642   0.4168492   0.5353813
  1.2981901   0.43202773]"
46,1069_133699_000066_000010,her meditations were presently interrupted by the arrival of a servant who handed her a letter .,<BOS> HH ER0 | M EH2 D IH0 T EY1 SH AH0 N Z | W ER0 | P R EH1 Z AH0 N T L IY0 | IH2 N T ER0 AH1 P T IH0 D | B AY1 | DH AH0 | ER0 AY1 V AH0 L | AH1 V | AH0 | S ER1 V AH0 N T | HH UW1 | HH AE1 N D AH0 D | HH ER0 | AH0 | L EH1 T ER0 <EOS>,[000046][1069_133699_000066_000010][P]her_meditations_were_presently_interrupted_by_the_arrival_of_a_servant_who_hande,[000046][1069_133699_000066_000010][G]her_meditations_were_presently_interrupted_by_the_arrival_of_a_servant_who_hande,"[-0.138359    0.41043395 -0.61790794  0.14251813 -0.06489882  0.01354645
 -0.32018015  0.31851572  0.07892597  1.2064171  -1.1770573  -0.04245415
 -1.2164813   0.46446714  1.945288   -0.82181454 -0.13773909  0.15857953
 -0.87375146  0.59207547  1.7902766  -0.622379   -0.02162831 -0.84681475
  0.8515477  -0.6300686   1.7159595   1.4943093  -0.07120465  0.8517529
  0.28722954 -0.32592034]"
47,1069_133699_000068_000000,caspar goodwood .,<BOS> K AE1 S P ER0 | G UH1 D W UH2 D <EOS>,[000047][1069_133699_000068_000000][P]caspar_goodwood_.,[000047][1069_133699_000068_000000][G]caspar_goodwood_.,"[ 0.12326118 -0.1642791   0.05136822  0.27221632  0.18814479  0.74648863
  0.4301175   0.22619697  0.6124624   1.3816937  -0.03718631 -0.42390952
 -0.5281024  -0.38864064  1.4847212  -0.33316296 -0.13928363  0.25507239
 -0.36478624  0.25866014  1.6686306   0.00686836  0.04227193  0.45144716
  0.40641165 -0.8827615   0.9943165   0.6997227  -0.59164685  0.86831295
  1.1236012   0.5522433 ]"
48,1081_128618_000005_000000,fried perch three,<BOS> F R AY1 D | P ER1 CH | TH R IY1 <EOS>,[000048][1081_128618_000005_000000][P]fried_perch_three,[000048][1081_128618_000005_000000][G]fried_perch_three,"[ 0.87120223  0.02104019 -0.65475297  0.12396791  0.4468927  -0.23477714
 -0.07344317 -0.05480538 -1.6260866  -0.2648467  -0.587693    0.44388488
  0.87924176  0.66644454 -1.2295879   0.8698899  -0.23433009 -0.9804862
  1.254853    0.23333293  0.93771756  0.14729182  0.18447442  0.0406597
  0.6385246   0.76149607 -0.7919326  -1.010287   -0.08859487 -0.0240503
 -0.53400224 -0.05422618]"
49,1088_129236_000008_000000,the strong bent of nature is seen in the proportion which this topic of personal relations usurps in the conversation of society .,<BOS> DH AH0 | S T R AO1 NG | B EH1 N T | AH1 V | N EY1 CH ER0 | IH1 Z | S IY1 N | IH0 N | DH AH0 | P R AH0 P AO1 R SH AH0 N | W IH1 CH | DH IH1 S | T AA1 P IH0 K | AH1 V | P ER1 S IH0 N IH0 L | R IY0 L EY1 SH AH0 N Z | Y UW2 S ER1 P S | IH0 N | DH AH0 | K AA2 N V ER0 S EY1 SH AH0 N | AH1 V | S AH0 S AY1 AH0 T IY0 <EOS>,[000049][1088_129236_000008_000000][P]the_strong_bent_of_nature_is_seen_in_the_proportion_which_this_topic_of_personal,[000049][1088_129236_000008_000000][G]the_strong_bent_of_nature_is_seen_in_the_proportion_which_this_topic_of_personal,"[-0.30722868 -0.18603545 -0.7665199  -1.1613587  -0.39187956 -0.00971125
 -0.51224947 -0.07686553 -0.47361052  0.62812614 -0.8731925   0.22343814
 -0.3845811   0.94560266 -0.42431977 -0.07114297 -0.37367615  0.56715417
 -0.21960223 -0.15764365  0.39124897  0.2557788   0.17515738 -0.05126563
 -0.03430115  1.1689065   0.49641243 -0.15373178 -0.7409133  -0.3873335
 -0.84694374 -0.81921715]"
50,1088_129236_000008_000003,"how we glow over these novels of passion , when the story is told with any spark of truth and nature !","<BOS> HH AW1 | W IY1 | G L OW1 | OW1 V ER0 | DH IY1 Z | N AA1 V AH0 L Z | AH1 V | P AE1 SH AH0 N , W EH1 N | DH AH0 | S T AO1 R IY0 | IH1 Z | T OW1 L D | W IH1 DH | EH1 N IY0 | S P AA1 R K | AH1 V | T R UW1 TH | AH0 N D | N EY1 CH ER0 <EOS>","[000050][1088_129236_000008_000003][P]how_we_glow_over_these_novels_of_passion_,_when_the_story_is_told_with_any_spark","[000050][1088_129236_000008_000003][G]how_we_glow_over_these_novels_of_passion_,_when_the_story_is_told_with_any_spark","[-0.08975908 -1.1468147  -1.3166496  -1.0138876  -0.6030958  -0.4403605
 -0.72624004 -0.19071624  0.2857303   1.4708382  -1.3021615   0.21838015
 -1.580419    1.5278518  -0.467024    0.07303624 -0.39151886  0.38257393
 -0.05422988  0.13613275  1.0572034   0.08923784  0.22218443 -0.49276778
 -0.10606778  1.2719672   0.37362206 -1.1143986  -0.8935403  -0.1472768
 -0.6482821  -0.4595555 ]"
51,1088_129236_000014_000002,nature grows conscious .,<BOS> N EY1 CH ER0 | G R OW1 Z | K AA1 N SH AH0 S <EOS>,[000051][1088_129236_000014_000002][P]nature_grows_conscious_.,[000051][1088_129236_000014_000002][G]nature_grows_conscious_.,"[ 0.21634379 -0.27865535 -0.9624849   0.02363364  0.27615425 -0.24243896
  0.3063617  -0.00449751 -0.40257555  0.32018262 -0.6030659   0.14879769
 -0.31812167  0.8410741  -0.2600827   0.08309223 -0.34248415  0.14597844
  0.29195833  0.05604929  0.7093525   0.5472134  -0.00884593 -0.10085325
  0.03617622  1.1705937   0.05183811 -0.42284465 -1.0894259   0.0365244
 -1.0245798  -0.2375864 ]"
52,1088_129236_000020_000006,"its nature is like opaline doves neck lustres , hovering and evanescent .","<BOS> IH1 T S | N EY1 CH ER0 | IH1 Z | L AY1 K | OW1 P AH0 L IY2 N | D AH1 V Z | N EH1 K | L AH1 S T ER0 Z , HH AH1 V ER0 IH0 NG | AH0 N D | EH2 V AH0 N EH1 S AH0 N T <EOS>","[000052][1088_129236_000020_000006][P]its_nature_is_like_opaline_doves_neck_lustres_,_hovering_and_evanescent_.","[000052][1088_129236_000020_000006][G]its_nature_is_like_opaline_doves_neck_lustres_,_hovering_and_evanescent_.","[ 0.22353116 -0.32909763 -1.0336647  -0.27280387  0.04623765 -0.04461165
 -0.36517468 -0.5259105  -0.05371954  0.77417874 -0.9316152   0.02044243
 -0.8576191   1.1477926   0.19650728  0.06689532 -0.49555883  0.33736545
 -0.17370802  0.26039684  0.06499853  0.32276437 -0.2666067  -0.38660023
  0.2697877   1.0981125   0.5055414  -0.9132858  -1.3502016   0.31441802
 -0.16781609 -0.49269658]"
53,1088_129236_000026_000008,the work of vegetation begins first in the irritability of the bark and leaf buds .,<BOS> DH AH0 | W ER1 K | AH1 V | V EH2 JH AH0 T EY1 SH AH0 N | B IH0 G IH1 N Z | F ER1 S T | IH0 N | DH AH0 | IH0 R IH0 T AH0 B IH1 L AH0 T IY0 | AH1 V | DH AH0 | B AA1 R K | AH0 N D | L IY1 F | B AH1 D Z <EOS>,[000053][1088_129236_000026_000008][P]the_work_of_vegetation_begins_first_in_the_irritability_of_the_bark_and_leaf_bud,[000053][1088_129236_000026_000008][G]the_work_of_vegetation_begins_first_in_the_irritability_of_the_bark_and_leaf_bud,"[-0.15741718 -0.76232266 -1.2463666  -0.47422805  0.35932463 -0.02399687
  0.13507709 -0.19365332 -0.4388165   1.2640021  -0.5112076   0.29153603
 -1.0525486   0.95074767  0.448036    0.23680766 -0.6212572   0.06991436
  0.8875913   1.0657761   1.1491634   0.28807065 -0.18847324 -0.5666909
  0.8737316   1.0138402   0.5736479  -0.48600066 -1.128503    0.33925366
  0.46225554 -0.204282  ]"
54,1088_129236_000030_000002,by all the virtues they are united .,<BOS> B AY1 | AO1 L | DH AH0 | V ER1 CH UW0 Z | DH EY1 | AA1 R | Y UW0 N AY1 T AH0 D <EOS>,[000054][1088_129236_000030_000002][P]by_all_the_virtues_they_are_united_.,[000054][1088_129236_000030_000002][G]by_all_the_virtues_they_are_united_.,"[ 0.04201895  0.07839095 -1.1308043  -0.4092436   0.14159    -0.17512624
  0.04082596  0.345818   -0.28087193  0.9809964  -0.9290965   0.08112544
 -0.5649963   1.2436378  -0.6732973   0.1585502  -0.38556144 -0.02737543
 -0.15211326  0.4024756   1.2106785   0.07692668  0.27108192 -1.3741426
  0.28967378  1.4288728  -0.32323542 -1.3279439  -0.40586168  0.07489963
 -0.41602564 -0.7304274 ]"
55,1088_129236_000030_000004,"their once flaming regard is sobered by time in either breast , and losing in violence what it gains in extent , it becomes a thorough good understanding .","<BOS> DH EH1 R | W AH1 N S | F L EY1 M IH0 NG | R AH0 G AA1 R D | IH1 Z | S OW1 B ER0 D | B AY1 | T AY1 M | IH0 N | IY1 DH ER0 | B R EH1 S T , AH0 N D | L UW1 Z IH0 NG | IH0 N | V AY1 AH0 L AH0 N S | W AH1 T | IH1 T | G EY1 N Z | IH0 N | IH0 K S T EH1 N T , IH1 T | B IH0 K AH1 M Z | AH0 | TH ER1 OW0 | G UH1 D | AH2 N D ER0 S T AE1 N D IH0 NG <EOS>","[000055][1088_129236_000030_000004][P]their_once_flaming_regard_is_sobered_by_time_in_either_breast_,_and_losing_in_vi","[000055][1088_129236_000030_000004][G]their_once_flaming_regard_is_sobered_by_time_in_either_breast_,_and_losing_in_vi","[-0.6488043  -0.48898238 -1.5849202  -0.6681439  -0.2797104  -0.20648764
 -0.33871588 -0.44683555 -0.14132266  1.0665914  -1.0950202   0.00176799
 -0.5229813   1.6789088  -0.12949374  0.0852928  -0.61961305 -0.02228899
  0.15956204  0.59575176  1.007514    0.81692386 -0.171438   -1.1433512
  0.46050894  1.2395823   1.1909789  -1.0252205  -0.9984662   0.37768424
 -0.22900178 -0.60308015]"
56,1088_129236_000031_000000,"thus are we put in training for a love which knows not sex , nor person , nor partiality , but which seeks virtue and wisdom everywhere , to the end of increasing virtue and wisdom .","<BOS> DH AH1 S | AA1 R | W IY1 | P UH1 T | IH0 N | T R EY1 N IH0 NG | F AO1 R | AH0 | L AH1 V | W IH1 CH | N OW1 Z | N AA1 T | S EH1 K S , N AO1 R | P ER1 S AH0 N , N AO1 R | P AA2 R SH IY0 AE1 L AH0 T IY0 , B AH1 T | W IH1 CH | S IY1 K S | V ER1 CH UW0 | AH0 N D | W IH1 Z D AH0 M | EH1 V R IY0 W EH2 R , T UW1 | DH AH0 | EH1 N D | AH1 V | IH0 N K R IY1 S IH0 NG | V ER1 CH UW0 | AH0 N D | W IH1 Z D AH0 M <EOS>","[000056][1088_129236_000031_000000][P]thus_are_we_put_in_training_for_a_love_which_knows_not_sex_,_nor_person_,_nor_pa","[000056][1088_129236_000031_000000][G]thus_are_we_put_in_training_for_a_love_which_knows_not_sex_,_nor_person_,_nor_pa","[-0.69194114 -0.29923332 -1.4015611  -0.827676   -0.6384265  -0.03628136
 -0.68712926 -0.23314855 -0.6071121   0.5227753  -0.8954571   0.31587517
 -0.81402737  1.1072717  -0.37384742  0.03355308 -0.46733186  0.07529674
 -0.03559472  0.1972335   0.86011136  0.39204556 -0.19240874 -0.3865322
 -0.14540797  0.9782389   0.70080566 -0.7357339  -0.4010319  -0.15305077
 -0.890683   -0.5685874 ]"
57,1088_129236_000031_000005,there are moments when the affections rule and absorb the man and make his happiness dependent on a person or persons .,<BOS> DH EH1 R | AA1 R | M OW1 M AH0 N T S | W EH1 N | DH AH0 | AH0 F EH1 K SH AH0 N Z | R UW1 L | AH0 N D | AH0 B Z AO1 R B | DH AH0 | M AE1 N | AH0 N D | M EY1 K | HH IH1 Z | HH AE1 P IY0 N AH0 S | D IH0 P EH1 N D AH0 N T | AA1 N | AH0 | P ER1 S AH0 N | AO1 R | P ER1 S AH0 N Z <EOS>,[000057][1088_129236_000031_000005][P]there_are_moments_when_the_affections_rule_and_absorb_the_man_and_make_his_happi,[000057][1088_129236_000031_000005][G]there_are_moments_when_the_affections_rule_and_absorb_the_man_and_make_his_happi,"[-0.39004374 -0.4752161  -1.0485247  -0.2601405  -0.22474396  0.01192009
 -0.05455035 -0.5140108  -0.07675014  0.5707396  -0.5682768  -0.02618778
 -0.26213017  0.9660648  -0.0944856   0.0738246  -0.5016737   0.01336803
  0.19776143  0.14285949  0.4098033   0.5235167   0.17947917 -0.33134168
  0.22420534  1.0050143   1.0724214  -0.39518285 -0.8049372   0.11957826
 -0.09869285 -0.1557842 ]"
58,1088_134315_000009_000001,he rang a bell on his table and the girl who had so filled t x with a sense of awe came from an adjoining room .,<BOS> HH IY1 | R AE1 NG | AH0 | B EH1 L | AA1 N | HH IH1 Z | T EY1 B AH0 L | AH0 N D | DH AH0 | G ER1 L | HH UW1 | HH AE1 D | S OW1 | F IH1 L D | T IY1 | EH1 K S | W IH1 DH | AH0 | S EH1 N S | AH1 V | AA1 | K EY1 M | F R AH1 M | AE1 N | AH0 JH OY1 N IH0 NG | R UW1 M <EOS>,[000058][1088_134315_000009_000001][P]he_rang_a_bell_on_his_table_and_the_girl_who_had_so_filled_t_x_with_a_sense_of_a,[000058][1088_134315_000009_000001][G]he_rang_a_bell_on_his_table_and_the_girl_who_had_so_filled_t_x_with_a_sense_of_a,"[ 0.3973715  -1.0929444  -0.616413   -0.22896248 -0.5339119  -0.5723115
 -0.89481914  0.3553283   0.5619275   1.0222207  -0.80533546  0.66901547
 -1.1656581   1.0447531   0.6112481   0.16620813 -0.65363777  0.23652697
  0.26467985  0.38338044  0.48898163  0.56294465 -0.6890482  -0.5750831
  1.0946987   0.2836249   0.4013497  -0.6491138  -1.5902039  -0.24484165
  1.2693102   0.4174422 ]"
59,1088_134315_000016_000000,"what is your favourite weapon , mr kara ? she asked .","<BOS> W AH1 T | IH1 Z | Y AO1 R | F AE1 V Y UW0 R AY2 T | W EH1 P AH0 N , M IH1 S T ER0 | K EH1 R AH0 ? SH IY1 | AE1 S K T <EOS>","[000059][1088_134315_000016_000000][P]what_is_your_favourite_weapon_,_mr_kara_?_she_asked_.","[000059][1088_134315_000016_000000][G]what_is_your_favourite_weapon_,_mr_kara_?_she_asked_.","[ 0.30525434 -1.5641861  -0.16216032 -0.06495612 -0.45649433 -0.3318531
 -0.8536488  -0.35359308 -0.25789028  0.4657166  -0.1918125   0.23966543
 -0.11827397  1.0368601   0.0094463   0.12233095 -0.93784857  0.3952109
  1.0301962   0.50573766 -0.1949557   0.94075686 -0.29665166  0.03228955
  0.6111042   0.5644736   0.27149582 -1.0096234  -1.662079    0.3320158
  0.6266256   0.39358616]"
